{
    "objects": {
        "floor": "floor",
        "low_wall_rack": "flat_surface",
        "extra_room_table": "flat_surface",
        "tool_room_table": "flat_surface",
        "cube": "tool",
        "bucket": "bag",
        "spot": "robot"
    },
    "init": {
        "floor": {
            "x": 0.0,
            "y": 0.0,
            "z": -1.0
        },
        "low_wall_rack": {
            "x": 10.071011401978069,
            "y": -6.940756423170287,
            "z": 0.2832936631146208
        },
        "extra_room_table": {
            "x": 8.229910170787758,
            "y": -6.099837101133743,
            "z": 0.017635509357317808
        },
        "tool_room_table": {
            "x": 6.758213560158508,
            "y": -6.202864188927392,
            "z": 0.020406210258992974
        },
        "cube": {
            "x": 8.1418853580588,
            "y": -5.856873200824709,
            "z": 0.16058086119915282,
            "lost": 0.0,
            "in_view": 1.0
        },
        "bucket": {
            "x": 7.0612250919222825,
            "y": -8.198430104988018,
            "z": -0.17631950968511093
        },
        "spot": {
            "gripper_open_percentage": 0.42351484298706055,
            "curr_held_item_id": 0,
            "x": 8.398472713484306,
            "y": -6.9970363621636515,
            "z": 0.13135623267411017,
            "yaw": 0.0
        }
    },
    "goal": {
        "On": [
            [
                "cube",
                "tool_room_table"
            ]
        ]
    }
}
