{
    "objects": {
        "floor": "floor",
        "low_wall_rack": "flat_surface",
        "extra_room_table": "flat_surface",
        "tool_room_table": "flat_surface",
        "brush": "tool",
        "bucket": "bag",
        "spot": "robot"
    },
    "init": {
        "floor": {
            "x": 0.0,
            "y": 0.0,
            "z": -1.0
        },
        "low_wall_rack": {
            "x": 10.016445068440532,
            "y": -6.9294683450890515,
            "z": 0.27597472249527844
        },
        "extra_room_table": {
            "x": 8.18176144935473,
            "y": -6.068180928758774,
            "z": 0.04326841304234738
        },
        "tool_room_table": {
            "x": 6.913525159860719,
            "y": -6.191069843819859,
            "z": 0.017249338353881843
        },
        "brush": {
            "x": 6.654645689191447,
            "y": -6.043522916461683,
            "z": 0.1812832492979175,
            "in_view": 1.0,
            "lost": 0.0
        },
        "bucket": {
            "x": 7.092497069796229,
            "y": -8.170518353942528,
            "z": -0.19140555385012878
        },
        "spot": {
            "gripper_open_percentage": 0.0,
            "curr_held_item_id": 0,
            "x": 8.360241849300568,
            "y": -6.979309470100668,
            "z": 0.13122344401654137,
            "yaw": 0.0
        }
    },
    "goal": {
        "On": [
            [
                "brush",
                "extra_room_table"
            ]
        ]
    }
}