{
    "objects": {
        "hammer": "tool",
        "floor": "floor",
        "low_wall_rack": "flat_surface",
        "extra_room_table": "flat_surface",
        "brush": "tool",
        "tool_room_table": "flat_surface",
        "hex_key": "tool",
        "hex_screwdriver": "tool",
        "toolbag": "bag",
        "spot": "robot"
    },
    "init": {
        "hammer": {
            "x": 9.837829787321343,
            "y": -6.818463520258176,
            "z": 0.5801889983419058,
            "lost": 0.0
        },
        "floor": {
            "x": 0.0,
            "y": 0.0,
            "z": -1.0
        },
        "low_wall_rack": {
            "x": 9.95611397490798,
            "y": -6.970358807978657,
            "z": 0.2583178390411984
        },
        "extra_room_table": {
            "x": 8.052341673689508,
            "y": -6.122417657660772,
            "z": 0.011295337488070767
        },
        "brush": {
            "x": 6.6343092820722696,
            "y": -5.865200064975626,
            "z": 0.1830209162291769,
            "lost": 0.0
        },
        "tool_room_table": {
            "x": 6.73204284046702,
            "y": -6.228896743008891,
            "z": 0.026344628598300626
        },
        "hex_key": {
            "x": 9.851612689153614,
            "y": -7.177929431116561,
            "z": 0.6387139086671132,
            "lost": 0.0
        },
        "hex_screwdriver": {
            "x": 8.10200916527047,
            "y": -5.838645877706816,
            "z": 0.29670766630480566,
            "lost": 0.0
        },
        "toolbag": {
            "x": 7.039098927000458,
            "y": -8.165112754246826,
            "z": -0.18896943163822622
        },
        "spot": {
            "gripper_open_percentage": 0.0,
            "curr_held_item_id": 0,
            "x": 8.380681453566963,
            "y": -7.057093925840318,
            "z": 0.12696554099575183
        }
    },
    "goal": {
        "On": [
            [
                "brush",
                "extra_room_table"
            ]
        ]
    }
}
