{
    "objects": {
        "hammer": "tool",
        "floor": "floor",
        "low_wall_rack": "flat_surface",
        "extra_room_table": "flat_surface",
        "brush": "tool",
        "tool_room_table": "flat_surface",
        "hex_key": "tool",
        "hex_screwdriver": "tool",
        "toolbag": "bag",
        "spot": "robot"
    },
    "init": {
        "hammer": {
            "x": 9.853538163462645,
            "y": -6.887096323314991,
            "z": 0.5793379578154825
        },
        "floor": {
            "x": 0.0,
            "y": 0.0,
            "z": -1.0
        },
        "low_wall_rack": {
            "x": 10.000375978827126,
            "y": -6.957393273953955,
            "z": 0.24562158824486835
        },
        "extra_room_table": {
            "x": 8.075458932715868,
            "y": -6.1037445990530115,
            "z": -0.006876874230500457
        },
        "brush": {
            "x": 6.613391340071357,
            "y": -5.974654524602175,
            "z": 0.1829038971938424
        },
        "tool_room_table": {
            "x": 6.781992380910214,
            "y": -6.206618173351234,
            "z": -0.003373725594173871
        },
        "hex_key": {
            "x": 9.873974179591091,
            "y": -7.140492332291673,
            "z": 0.604733167150529
        },
        "hex_screwdriver": {
            "x": 8.140338545517768,
            "y": -5.852936131006677,
            "z": 0.2758431788852131
        },
        "toolbag": {
            "x": 7.046987502456441,
            "y": -8.16454491038377,
            "z": -0.18949487197324835
        },
        "spot": {
            "gripper_open_percentage": 1.2593567371368408,
            "curr_held_item_id": 0,
            "x": 8.444101164876074,
            "y": -6.966011043795614,
            "z": 0.13149785352858673
        }
    },
    "goal": {
        "InBag": [
            [
                "brush",
                "toolbag"
            ],
            [
                "hammer",
                "toolbag"
            ],
            [
                "hex_key",
                "toolbag"
            ],
            [
                "hex_screwdriver",
                "toolbag"
            ]
        ]
    }
}