{
    "objects": {
        "hammer": "tool",
        "floor": "floor",
        "low_wall_rack": "flat_surface",
        "extra_room_table": "flat_surface",
        "tool_room_table": "flat_surface",
        "brush": "tool",
        "bucket": "bag",
        "measuring_tape": "tool",
        "spot": "robot"
    },
    "init": {
        "hammer": {
            "x": 9.446905785317988,
            "y": -6.3943339980485,
            "z": 0.352,
            "lost": 0.0,
            "in_view": 1.0
        },
        "floor": {
            "x": 0.0,
            "y": 0.0,
            "z": -1.0
        },
        "low_wall_rack": {
            "x": 9.86872100808855,
            "y": -6.937169330962487,
            "z": 0.21156775111441095
        },
        "extra_room_table": {
            "x": 8.25797938788574,
            "y": -6.236146424997385,
            "z": -0.03951235771148853
        },
        "tool_room_table": {
            "x": 6.619764659835261,
            "y": -6.345768846400919,
            "z": 0.18025981032619418
        },
        "brush": {
            "x": 6.598044573090494,
            "y": -6.8481979828745585,
            "z": 0.22185349617407418,
            "lost": 0.0,
            "in_view": 1.0
        },
        "bucket": {
            "x": 7.72705,
            "y": -7.98225,
            "z": -0.209524
        },
        "measuring_tape": {
            "x": 7.610710169137442,
            "y": -7.661324676846279,
            "z": -0.05561488031841247,
            "lost": 0.0,
            "in_view": 1.0
        },
        "spot": {
            "gripper_open_percentage": 0.9792149066925049,
            "curr_held_item_id": 0,
            "x": 7.2195,
            "y": -7.61659,
            "z": 0.109701,
            "yaw": -1.51198
        }
    },
    "goal": {
        "InBag": [
            [
                "brush",
                "bucket"
            ],
            [
                "hammer",
                "bucket"
            ],
            [
                "measuring_tape",
                "bucket"
            ]
        ]
    }
}