{
    "objects": {
        "hammer": "tool",
        "floor": "floor",
        "low_wall_rack": "flat_surface",
        "extra_room_table": "flat_surface",
        "brush": "tool",
        "tool_room_table": "flat_surface",
        "hex_key": "tool",
        "hex_screwdriver": "tool",
        "bucket": "bag",
        "spot": "robot"
    },
    "init": {
        "hammer": {
            "x": 9.845708199458418,
            "y": -6.813896854179194,
            "z": 0.5731326214959733,
            "in_view": 0.0,
            "lost": 0.0
        },
        "floor": {
            "x": 0.0,
            "y": 0.0,
            "z": -1.0
        },
        "low_wall_rack": {
            "x": 9.98774600799602,
            "y": -6.967781841398762,
            "z": 0.25609303158985547
        },
        "extra_room_table": {
            "x": 8.037335514946465,
            "y": -6.136793232515689,
            "z": 0.010546774619407992
        },
        "brush": {
            "x": 8.047021447366369,
            "y": -5.8985498667836165,
            "z": 0.18117448353912718,
            "in_view": 0.0,
            "lost": 0.0
        },
        "tool_room_table": {
            "x": 6.623205306713385,
            "y": -6.249109394234807,
            "z": -0.0006499167267538797
        },
        "hex_key": {
            "x": 9.898533278478078,
            "y": -7.193318508101864,
            "z": 0.5939545972896072,
            "in_view": 0.0,
            "lost": 0.0
        },
        "hex_screwdriver": {
            "x": 6.534753673620364,
            "y": -6.001779718646595,
            "z": 0.2778156591519322,
            "in_view": 0.0,
            "lost": 0.0
        },
        "bucket": {
            "x": 7.0388673173067335,
            "y": -8.184029915334659,
            "z": -0.18799250814185073
        },
        "spot": {
            "gripper_open_percentage": 0.0,
            "curr_held_item_id": 0,
            "x": 8.380792159601613,
            "y": -7.055270758898854,
            "z": 0.08337705476061814,
            "yaw": 0.0
        }
    },
    "goal": {
        "On": [
            [
                "brush",
                "tool_room_table"
            ]
        ]
    }
}
