{
    "objects": {
        "extra_room_table": "flat_surface",
        "cube": "tool",
        "tool_room_table": "flat_surface",
        "floor": "floor",
        "spot": "robot"
    },
    "init": {
        "extra_room_table": {
            "x": 1.9296804187509458,
            "y": 1.5255761473400433,
            "z": 0.003535110530274041,
            "W_quat": 0.5215709493740559,
            "X_quat": -0.466684508450286,
            "Y_quat": 0.6839370060909767,
            "Z_quat": 0.20591135481287237
        },
        "cube": {
            "x": 0.950903799584721,
            "y": 1.4574401595911195,
            "z": 0.12715378742150713,
            "W_quat": 0.20938431877644828,
            "X_quat": -0.6700129006851211,
            "Y_quat": 0.47964684359736,
            "Z_quat": 0.5264787036463322,
            "lost": 0.0,
            "in_view": 1.0
        },
        "tool_room_table": {
            "x": 0.7920800665506482,
            "y": 1.5711295892081116,
            "z": 0.0349473266634987,
            "W_quat": 0.20938431877644828,
            "X_quat": -0.6700129006851211,
            "Y_quat": 0.47964684359736,
            "Z_quat": 0.5264787036463322
        },
        "floor": {
            "x": 0.0,
            "y": 0.0,
            "z": 0.0,
            "W_quat": 0.0,
            "X_quat": 0.0,
            "Y_quat": 0.0,
            "Z_quat": 1.0
        },
        "spot": {
            "gripper_open_percentage": 3.1226396560668945,
            "curr_held_item_id": 0,
            "x": 1.2228481969781362,
            "y": 0.014552764075156432,
            "z": 0.07054347279774514,
            "W_quat": 0.720822578114482,
            "X_quat": -0.00423203024734605,
            "Y_quat": 0.0035358421176776324,
            "Z_quat": 0.6930976833180849
        }
    },
    "goal": {
        "On": [
            [
                "cube",
                "extra_room_table"
            ]
        ]
    }
}