{"min": [-0.734601, -0.707144, -0.159663], "max": [0.716921, 0.744377, 0.151603]}