{
    "objects": {
        "floor": "floor",
        "low_wall_rack": "flat_surface",
        "extra_room_table": "flat_surface",
        "tool_room_table": "flat_surface",
        "cube": "tool",
        "bucket": "bag",
        "spot": "robot"
    },
    "init": {
        "floor": {
            "x": 0.0,
            "y": 0.0,
            "z": -1.0
        },
        "low_wall_rack": {
            "x": 9.988916175488628,
            "y": -6.954839248310054,
            "z": 0.2674197542252186
        },
        "extra_room_table": {
            "x": 8.226919193355071,
            "y": -6.092744271200569,
            "z": 0.008946095804300697
        },
        "tool_room_table": {
            "x": 6.7171676685229995,
            "y": -6.221240304912513,
            "z": 0.0119691990183394
        },
        "cube": {
            "x": 6.708265849506244,
            "y": -5.978931492734716,
            "z": 0.176385981584824,
            "lost": 0.0,
            "in_view": 1.0
        },
        "bucket": {
            "x": 7.033942904561006,
            "y": -8.192916996739061,
            "z": -0.1893674964359326
        },
        "spot": {
            "gripper_open_percentage": 0.0,
            "curr_held_item_id": 0,
            "x": 8.399373811925475,
            "y": -6.991113005603378,
            "z": 0.13135726481921634,
            "yaw": 0.0
        }
    },
    "goal": {
        "On": [
            [
                "cube",
                "extra_room_table"
            ]
        ]
    }
}