{
    "objects": {
        "tool_room_table": "flat_surface",
        "brush": "tool",
        "hex_screwdriver": "tool",
        "floor": "floor",
        "toolbag": "bag",
        "low_wall_rack": "flat_surface",
        "extra_room_table": "flat_surface",
        "spot": "robot"
    },
    "init": {
        "tool_room_table": {
            "x": 6.636010845153006,
            "y": -6.357507003722243,
            "z": 0.16688691892637877
        },
        "brush": {
            "x": 6.628450640793668,
            "y": -6.134070805279482,
            "z": 0.275153814024837,
            "lost": 0.0,
            "in_view": 1.0
        },
        "hex_screwdriver": {
            "x": 6.743202704838895,
            "y": -6.072205625637715,
            "z": 0.3397934340691954,
            "lost": 0.0,
            "in_view": 1.0
        },
        "floor": {
            "x": 0.0,
            "y": 0.0,
            "z": -1.0
        },
        "toolbag": {
            "x": 7.574526143145762,
            "y": -8.228299049853604,
            "z": -0.23102625581230768
        },
        "low_wall_rack": {
            "x": 9.861474481688553,
            "y": -6.941164583352312,
            "z": 0.211171693916895
        },
        "extra_room_table": {
            "x": 8.248756607856741,
            "y": -6.239555414972237,
            "z": -0.04317698991113854
        },
        "spot": {
            "gripper_open_percentage": 1.925736665725708,
            "curr_held_item_id": 0,
            "x": 8.340683958991244,
            "y": -6.996395561153911,
            "z": 0.13309655644432755,
            "yaw": 0.018622984511019496
        }
    },
    "goal": {
        "InBag": [
            [
                "brush",
                "toolbag"
            ]
        ]
    }
}