{
    "objects": {
        "tool_room_table": "flat_surface",
        "brush": "tool",
        "hex_screwdriver": "tool",
        "floor": "floor",
        "bucket": "bag",
        "low_wall_rack": "flat_surface",
        "extra_room_table": "flat_surface",
        "spot": "robot"
    },
    "init": {
        "tool_room_table": {
            "x": 6.651040214087463,
            "y": -6.341355530685432,
            "z": 0.18694380590281875
        },
        "brush": {
            "x": 6.624134173482597,
            "y": -6.1624743312016115,
            "z": 0.29022801158377554,
            "lost": 0.0,
            "in_view": 1.0
        },
        "hex_screwdriver": {
            "x": 6.5848435087381345,
            "y": -6.783638766526514,
            "z": 0.3996130882645109,
            "lost": 0.0,
            "in_view": 1.0
        },
        "floor": {
            "x": 0.0,
            "y": 0.0,
            "z": -1.0
        },
        "bucket": {
            "x": 7.526377653037925,
            "y": -8.160384704149124,
            "z": -0.20881993379295502
        },
        "low_wall_rack": {
            "x": 9.86221833596979,
            "y": -6.9595459212699415,
            "z": 0.17281221877549868
        },
        "extra_room_table": {
            "x": 8.258471541521278,
            "y": -6.239097453184161,
            "z": -0.06288361614801405
        },
        "spot": {
            "gripper_open_percentage": 2.1867504119873047,
            "curr_held_item_id": 0,
            "x": 8.372796559310205,
            "y": -6.994571845750125,
            "z": 0.0859792905786895,
            "yaw": 0.011301749937732797
        }
    },
    "goal": {
        "InBag": [
            [
                "brush",
                "bucket"
            ],
            [
                "hex_screwdriver",
                "bucket"
            ]
        ]
    }
}
